t,fC_mean,fC_std,fD_mean,fD_std,avgR_mean,avgR_std
0,0.25703125,0.022289597840136104,0.74296875,0.0222895978401361,0.496875,0.015896085897949847
1,0.10703125,0.02133828169335572,0.89296875,0.021338281693355724,0.7539062380790711,0.03605617566618424
2,0.0375,0.020009763241977653,0.9625,0.020009763241977653,0.8609375,0.047431591364564187
3,0.00703125,0.004555431167847891,0.99296875,0.004555431167847891,0.8984374761581421,0.06652106149254533
4,0.0,0.0,1.0,0.0,0.9054687142372131,0.07019953315415173
5,0.0,0.0,1.0,0.0,0.9054687142372131,0.07019953315415173
6,0.0,0.0,1.0,0.0,0.9054687142372131,0.07019953315415173
7,0.0,0.0,1.0,0.0,0.9054687142372131,0.07019953315415173
8,0.0,0.0,1.0,0.0,0.9054687142372131,0.07019953315415173
9,0.0,0.0,1.0,0.0,0.9054687142372131,0.07019953315415173
10,0.0,0.0,1.0,0.0,0.9054687142372131,0.07019953315415173
11,0.0,0.0,1.0,0.0,0.9054687142372131,0.07019953315415173
12,0.0,0.0,1.0,0.0,0.9054687142372131,0.07019953315415173
13,0.0,0.0,1.0,0.0,0.9054687142372131,0.07019953315415173
14,0.0,0.0,1.0,0.0,0.9054687142372131,0.07019953315415173
15,0.0,0.0,1.0,0.0,0.9054687142372131,0.07019953315415173
16,0.0,0.0,1.0,0.0,0.9054687142372131,0.07019953315415173
17,0.0,0.0,1.0,0.0,0.9054687142372131,0.07019953315415173
18,0.0,0.0,1.0,0.0,0.9054687142372131,0.07019953315415173
19,0.0,0.0,1.0,0.0,0.9054687142372131,0.07019953315415173
20,0.0,0.0,1.0,0.0,0.9054687142372131,0.07019953315415173
21,0.0,0.0,1.0,0.0,0.9054687142372131,0.07019953315415173
22,0.0,0.0,1.0,0.0,0.9054687142372131,0.07019953315415173
23,0.0,0.0,1.0,0.0,0.9054687142372131,0.07019953315415173
24,0.0,0.0,1.0,0.0,0.9054687142372131,0.07019953315415173
25,0.0,0.0,1.0,0.0,0.9054687142372131,0.07019953315415173
26,0.0,0.0,1.0,0.0,0.9054687142372131,0.07019953315415173
27,0.0,0.0,1.0,0.0,0.9054687142372131,0.07019953315415173
28,0.0,0.0,1.0,0.0,0.9054687142372131,0.07019953315415173
29,0.0,0.0,1.0,0.0,0.9054687142372131,0.07019953315415173
30,0.0,0.0,1.0,0.0,0.9054687142372131,0.07019953315415173
31,0.0,0.0,1.0,0.0,0.9054687142372131,0.07019953315415173
32,0.0,0.0,1.0,0.0,0.9054687142372131,0.07019953315415173
33,0.0,0.0,1.0,0.0,0.9054687142372131,0.07019953315415173
34,0.0,0.0,1.0,0.0,0.9054687142372131,0.07019953315415173
35,0.0,0.0,1.0,0.0,0.9054687142372131,0.07019953315415173
36,0.0,0.0,1.0,0.0,0.9054687142372131,0.07019953315415173
37,0.0,0.0,1.0,0.0,0.9054687142372131,0.07019953315415173
38,0.0,0.0,1.0,0.0,0.9054687142372131,0.07019953315415173
39,0.0,0.0,1.0,0.0,0.9054687142372131,0.07019953315415173
40,0.0,0.0,1.0,0.0,0.9054687142372131,0.07019953315415173
41,0.0,0.0,1.0,0.0,0.9054687142372131,0.07019953315415173
42,0.0,0.0,1.0,0.0,0.9054687142372131,0.07019953315415173
43,0.0,0.0,1.0,0.0,0.9054687142372131,0.07019953315415173
44,0.0,0.0,1.0,0.0,0.9054687142372131,0.07019953315415173
45,0.0,0.0,1.0,0.0,0.9054687142372131,0.07019953315415173
46,0.0,0.0,1.0,0.0,0.9054687142372131,0.07019953315415173
47,0.0,0.0,1.0,0.0,0.9054687142372131,0.07019953315415173
48,0.0,0.0,1.0,0.0,0.9054687142372131,0.07019953315415173
49,0.0,0.0,1.0,0.0,0.9054687142372131,0.07019953315415173
50,0.0,0.0,1.0,0.0,0.9054687142372131,0.07019953315415173
51,0.0,0.0,1.0,0.0,0.9054687142372131,0.07019953315415173
52,0.0,0.0,1.0,0.0,0.9054687142372131,0.07019953315415173
53,0.0,0.0,1.0,0.0,0.9054687142372131,0.07019953315415173
54,0.0,0.0,1.0,0.0,0.9054687142372131,0.07019953315415173
55,0.0,0.0,1.0,0.0,0.9054687142372131,0.07019953315415173
56,0.0,0.0,1.0,0.0,0.9054687142372131,0.07019953315415173
57,0.0,0.0,1.0,0.0,0.9054687142372131,0.07019953315415173
58,0.0,0.0,1.0,0.0,0.9054687142372131,0.07019953315415173
59,0.0,0.0,1.0,0.0,0.9054687142372131,0.07019953315415173
60,0.0,0.0,1.0,0.0,0.9054687142372131,0.07019953315415173
61,0.0,0.0,1.0,0.0,0.9054687142372131,0.07019953315415173
62,0.0,0.0,1.0,0.0,0.9054687142372131,0.07019953315415173
63,0.0,0.0,1.0,0.0,0.9054687142372131,0.07019953315415173
64,0.0,0.0,1.0,0.0,0.9054687142372131,0.07019953315415173
65,0.0,0.0,1.0,0.0,0.9054687142372131,0.07019953315415173
66,0.0,0.0,1.0,0.0,0.9054687142372131,0.07019953315415173
67,0.0,0.0,1.0,0.0,0.9054687142372131,0.07019953315415173
68,0.0,0.0,1.0,0.0,0.9054687142372131,0.07019953315415173
69,0.0,0.0,1.0,0.0,0.9054687142372131,0.07019953315415173
70,0.0,0.0,1.0,0.0,0.9054687142372131,0.07019953315415173
71,0.0,0.0,1.0,0.0,0.9054687142372131,0.07019953315415173
72,0.0,0.0,1.0,0.0,0.9054687142372131,0.07019953315415173
73,0.0,0.0,1.0,0.0,0.9054687142372131,0.07019953315415173
74,0.0,0.0,1.0,0.0,0.9054687142372131,0.07019953315415173
75,0.0,0.0,1.0,0.0,0.9054687142372131,0.07019953315415173
76,0.0,0.0,1.0,0.0,0.9054687142372131,0.07019953315415173
77,0.0,0.0,1.0,0.0,0.9054687142372131,0.07019953315415173
78,0.0,0.0,1.0,0.0,0.9054687142372131,0.07019953315415173
79,0.0,0.0,1.0,0.0,0.9054687142372131,0.07019953315415173
80,0.0,0.0,1.0,0.0,0.9054687142372131,0.07019953315415173
81,0.0,0.0,1.0,0.0,0.9054687142372131,0.07019953315415173
82,0.0,0.0,1.0,0.0,0.9054687142372131,0.07019953315415173
83,0.0,0.0,1.0,0.0,0.9054687142372131,0.07019953315415173
84,0.0,0.0,1.0,0.0,0.9054687142372131,0.07019953315415173
85,0.0,0.0,1.0,0.0,0.9054687142372131,0.07019953315415173
86,0.0,0.0,1.0,0.0,0.9054687142372131,0.07019953315415173
87,0.0,0.0,1.0,0.0,0.9054687142372131,0.07019953315415173
88,0.0,0.0,1.0,0.0,0.9054687142372131,0.07019953315415173
89,0.0,0.0,1.0,0.0,0.9054687142372131,0.07019953315415173
90,0.0,0.0,1.0,0.0,0.9054687142372131,0.07019953315415173
91,0.0,0.0,1.0,0.0,0.9054687142372131,0.07019953315415173
92,0.0,0.0,1.0,0.0,0.9054687142372131,0.07019953315415173
93,0.0,0.0,1.0,0.0,0.9054687142372131,0.07019953315415173
94,0.0,0.0,1.0,0.0,0.9054687142372131,0.07019953315415173
95,0.0,0.0,1.0,0.0,0.9054687142372131,0.07019953315415173
96,0.0,0.0,1.0,0.0,0.9054687142372131,0.07019953315415173
97,0.0,0.0,1.0,0.0,0.9054687142372131,0.07019953315415173
98,0.0,0.0,1.0,0.0,0.9054687142372131,0.07019953315415173
99,0.0,0.0,1.0,0.0,0.9054687142372131,0.07019953315415173
100,0.0,0.0,1.0,0.0,0.9054687142372131,0.07019953315415173
101,0.0,0.0,1.0,0.0,0.9054687142372131,0.07019953315415173
102,0.0,0.0,1.0,0.0,0.9054687142372131,0.07019953315415173
103,0.0,0.0,1.0,0.0,0.9054687142372131,0.07019953315415173
104,0.0,0.0,1.0,0.0,0.9054687142372131,0.07019953315415173
105,0.0,0.0,1.0,0.0,0.9054687142372131,0.07019953315415173
106,0.0,0.0,1.0,0.0,0.9054687142372131,0.07019953315415173
107,0.0,0.0,1.0,0.0,0.9054687142372131,0.07019953315415173
108,0.0,0.0,1.0,0.0,0.9054687142372131,0.07019953315415173
109,0.0,0.0,1.0,0.0,0.9054687142372131,0.07019953315415173
110,0.0,0.0,1.0,0.0,0.9054687142372131,0.07019953315415173
111,0.0,0.0,1.0,0.0,0.9054687142372131,0.07019953315415173
112,0.0,0.0,1.0,0.0,0.9054687142372131,0.07019953315415173
113,0.0,0.0,1.0,0.0,0.9054687142372131,0.07019953315415173
114,0.0,0.0,1.0,0.0,0.9054687142372131,0.07019953315415173
115,0.0,0.0,1.0,0.0,0.9054687142372131,0.07019953315415173
116,0.0,0.0,1.0,0.0,0.9054687142372131,0.07019953315415173
117,0.0,0.0,1.0,0.0,0.9054687142372131,0.07019953315415173
118,0.0,0.0,1.0,0.0,0.9054687142372131,0.07019953315415173
119,0.0,0.0,1.0,0.0,0.9054687142372131,0.07019953315415173
120,0.0,0.0,1.0,0.0,0.9054687142372131,0.07019953315415173
121,0.0,0.0,1.0,0.0,0.9054687142372131,0.07019953315415173
122,0.0,0.0,1.0,0.0,0.9054687142372131,0.07019953315415173
123,0.0,0.0,1.0,0.0,0.9054687142372131,0.07019953315415173
124,0.0,0.0,1.0,0.0,0.9054687142372131,0.07019953315415173
125,0.0,0.0,1.0,0.0,0.9054687142372131,0.07019953315415173
126,0.0,0.0,1.0,0.0,0.9054687142372131,0.07019953315415173
127,0.0,0.0,1.0,0.0,0.9054687142372131,0.07019953315415173
128,0.0,0.0,1.0,0.0,0.9054687142372131,0.07019953315415173
129,0.0,0.0,1.0,0.0,0.9054687142372131,0.07019953315415173
130,0.0,0.0,1.0,0.0,0.9054687142372131,0.07019953315415173
131,0.0,0.0,1.0,0.0,0.9054687142372131,0.07019953315415173
132,0.0,0.0,1.0,0.0,0.9054687142372131,0.07019953315415173
133,0.0,0.0,1.0,0.0,0.9054687142372131,0.07019953315415173
134,0.0,0.0,1.0,0.0,0.9054687142372131,0.07019953315415173
135,0.0,0.0,1.0,0.0,0.9054687142372131,0.07019953315415173
136,0.0,0.0,1.0,0.0,0.9054687142372131,0.07019953315415173
137,0.0,0.0,1.0,0.0,0.9054687142372131,0.07019953315415173
138,0.0,0.0,1.0,0.0,0.9054687142372131,0.07019953315415173
139,0.0,0.0,1.0,0.0,0.9054687142372131,0.07019953315415173
140,0.0,0.0,1.0,0.0,0.9054687142372131,0.07019953315415173
141,0.0,0.0,1.0,0.0,0.9054687142372131,0.07019953315415173
142,0.0,0.0,1.0,0.0,0.9054687142372131,0.07019953315415173
143,0.0,0.0,1.0,0.0,0.9054687142372131,0.07019953315415173
144,0.0,0.0,1.0,0.0,0.9054687142372131,0.07019953315415173
145,0.0,0.0,1.0,0.0,0.9054687142372131,0.07019953315415173
146,0.0,0.0,1.0,0.0,0.9054687142372131,0.07019953315415173
147,0.0,0.0,1.0,0.0,0.9054687142372131,0.07019953315415173
148,0.0,0.0,1.0,0.0,0.9054687142372131,0.07019953315415173
149,0.0,0.0,1.0,0.0,0.9054687142372131,0.07019953315415173
150,0.0,0.0,1.0,0.0,0.9054687142372131,0.07019953315415173
151,0.0,0.0,1.0,0.0,0.9054687142372131,0.07019953315415173
152,0.0,0.0,1.0,0.0,0.9054687142372131,0.07019953315415173
153,0.0,0.0,1.0,0.0,0.9054687142372131,0.07019953315415173
154,0.0,0.0,1.0,0.0,0.9054687142372131,0.07019953315415173
155,0.0,0.0,1.0,0.0,0.9054687142372131,0.07019953315415173
156,0.0,0.0,1.0,0.0,0.9054687142372131,0.07019953315415173
157,0.0,0.0,1.0,0.0,0.9054687142372131,0.07019953315415173
158,0.0,0.0,1.0,0.0,0.9054687142372131,0.07019953315415173
159,0.0,0.0,1.0,0.0,0.9054687142372131,0.07019953315415173
160,0.0,0.0,1.0,0.0,0.9054687142372131,0.07019953315415173
161,0.0,0.0,1.0,0.0,0.9054687142372131,0.07019953315415173
162,0.0,0.0,1.0,0.0,0.9054687142372131,0.07019953315415173
163,0.0,0.0,1.0,0.0,0.9054687142372131,0.07019953315415173
164,0.0,0.0,1.0,0.0,0.9054687142372131,0.07019953315415173
165,0.0,0.0,1.0,0.0,0.9054687142372131,0.07019953315415173
166,0.0,0.0,1.0,0.0,0.9054687142372131,0.07019953315415173
167,0.0,0.0,1.0,0.0,0.9054687142372131,0.07019953315415173
168,0.0,0.0,1.0,0.0,0.9054687142372131,0.07019953315415173
169,0.0,0.0,1.0,0.0,0.9054687142372131,0.07019953315415173
170,0.0,0.0,1.0,0.0,0.9054687142372131,0.07019953315415173
171,0.0,0.0,1.0,0.0,0.9054687142372131,0.07019953315415173
172,0.0,0.0,1.0,0.0,0.9054687142372131,0.07019953315415173
173,0.0,0.0,1.0,0.0,0.9054687142372131,0.07019953315415173
174,0.0,0.0,1.0,0.0,0.9054687142372131,0.07019953315415173
175,0.0,0.0,1.0,0.0,0.9054687142372131,0.07019953315415173
176,0.0,0.0,1.0,0.0,0.9054687142372131,0.07019953315415173
177,0.0,0.0,1.0,0.0,0.9054687142372131,0.07019953315415173
178,0.0,0.0,1.0,0.0,0.9054687142372131,0.07019953315415173
179,0.0,0.0,1.0,0.0,0.9054687142372131,0.07019953315415173
180,0.0,0.0,1.0,0.0,0.9054687142372131,0.07019953315415173
181,0.0,0.0,1.0,0.0,0.9054687142372131,0.07019953315415173
182,0.0,0.0,1.0,0.0,0.9054687142372131,0.07019953315415173
183,0.0,0.0,1.0,0.0,0.9054687142372131,0.07019953315415173
184,0.0,0.0,1.0,0.0,0.9054687142372131,0.07019953315415173
185,0.0,0.0,1.0,0.0,0.9054687142372131,0.07019953315415173
186,0.0,0.0,1.0,0.0,0.9054687142372131,0.07019953315415173
187,0.0,0.0,1.0,0.0,0.9054687142372131,0.07019953315415173
188,0.0,0.0,1.0,0.0,0.9054687142372131,0.07019953315415173
189,0.0,0.0,1.0,0.0,0.9054687142372131,0.07019953315415173
190,0.0,0.0,1.0,0.0,0.9054687142372131,0.07019953315415173
191,0.0,0.0,1.0,0.0,0.9054687142372131,0.07019953315415173
192,0.0,0.0,1.0,0.0,0.9054687142372131,0.07019953315415173
193,0.0,0.0,1.0,0.0,0.9054687142372131,0.07019953315415173
194,0.0,0.0,1.0,0.0,0.9054687142372131,0.07019953315415173
195,0.0,0.0,1.0,0.0,0.9054687142372131,0.07019953315415173
196,0.0,0.0,1.0,0.0,0.9054687142372131,0.07019953315415173
197,0.0,0.0,1.0,0.0,0.9054687142372131,0.07019953315415173
198,0.0,0.0,1.0,0.0,0.9054687142372131,0.07019953315415173
199,0.0,0.0,1.0,0.0,0.9054687142372131,0.07019953315415173
200,0.0,0.0,1.0,0.0,0.9054687142372131,0.07019953315415173
201,0.0,0.0,1.0,0.0,0.9054687142372131,0.07019953315415173
202,0.0,0.0,1.0,0.0,0.9054687142372131,0.07019953315415173
203,0.0,0.0,1.0,0.0,0.9054687142372131,0.07019953315415173
204,0.0,0.0,1.0,0.0,0.9054687142372131,0.07019953315415173
205,0.0,0.0,1.0,0.0,0.9054687142372131,0.07019953315415173
206,0.0,0.0,1.0,0.0,0.9054687142372131,0.07019953315415173
207,0.0,0.0,1.0,0.0,0.9054687142372131,0.07019953315415173
208,0.0,0.0,1.0,0.0,0.9054687142372131,0.07019953315415173
209,0.0,0.0,1.0,0.0,0.9054687142372131,0.07019953315415173
210,0.0,0.0,1.0,0.0,0.9054687142372131,0.07019953315415173
211,0.0,0.0,1.0,0.0,0.9054687142372131,0.07019953315415173
212,0.0,0.0,1.0,0.0,0.9054687142372131,0.07019953315415173
213,0.0,0.0,1.0,0.0,0.9054687142372131,0.07019953315415173
214,0.0,0.0,1.0,0.0,0.9054687142372131,0.07019953315415173
215,0.0,0.0,1.0,0.0,0.9054687142372131,0.07019953315415173
216,0.0,0.0,1.0,0.0,0.9054687142372131,0.07019953315415173
217,0.0,0.0,1.0,0.0,0.9054687142372131,0.07019953315415173
218,0.0,0.0,1.0,0.0,0.9054687142372131,0.07019953315415173
219,0.0,0.0,1.0,0.0,0.9054687142372131,0.07019953315415173
220,0.0,0.0,1.0,0.0,0.9054687142372131,0.07019953315415173
221,0.0,0.0,1.0,0.0,0.9054687142372131,0.07019953315415173
222,0.0,0.0,1.0,0.0,0.9054687142372131,0.07019953315415173
223,0.0,0.0,1.0,0.0,0.9054687142372131,0.07019953315415173
224,0.0,0.0,1.0,0.0,0.9054687142372131,0.07019953315415173
225,0.0,0.0,1.0,0.0,0.9054687142372131,0.07019953315415173
226,0.0,0.0,1.0,0.0,0.9054687142372131,0.07019953315415173
227,0.0,0.0,1.0,0.0,0.9054687142372131,0.07019953315415173
228,0.0,0.0,1.0,0.0,0.9054687142372131,0.07019953315415173
229,0.0,0.0,1.0,0.0,0.9054687142372131,0.07019953315415173
230,0.0,0.0,1.0,0.0,0.9054687142372131,0.07019953315415173
231,0.0,0.0,1.0,0.0,0.9054687142372131,0.07019953315415173
232,0.0,0.0,1.0,0.0,0.9054687142372131,0.07019953315415173
233,0.0,0.0,1.0,0.0,0.9054687142372131,0.07019953315415173
234,0.0,0.0,1.0,0.0,0.9054687142372131,0.07019953315415173
235,0.0,0.0,1.0,0.0,0.9054687142372131,0.07019953315415173
236,0.0,0.0,1.0,0.0,0.9054687142372131,0.07019953315415173
237,0.0,0.0,1.0,0.0,0.9054687142372131,0.07019953315415173
238,0.0,0.0,1.0,0.0,0.9054687142372131,0.07019953315415173
239,0.0,0.0,1.0,0.0,0.9054687142372131,0.07019953315415173
240,0.0,0.0,1.0,0.0,0.9054687142372131,0.07019953315415173
241,0.0,0.0,1.0,0.0,0.9054687142372131,0.07019953315415173
242,0.0,0.0,1.0,0.0,0.9054687142372131,0.07019953315415173
243,0.0,0.0,1.0,0.0,0.9054687142372131,0.07019953315415173
244,0.0,0.0,1.0,0.0,0.9054687142372131,0.07019953315415173
245,0.0,0.0,1.0,0.0,0.9054687142372131,0.07019953315415173
246,0.0,0.0,1.0,0.0,0.9054687142372131,0.07019953315415173
247,0.0,0.0,1.0,0.0,0.9054687142372131,0.07019953315415173
248,0.0,0.0,1.0,0.0,0.9054687142372131,0.07019953315415173
249,0.0,0.0,1.0,0.0,0.9054687142372131,0.07019953315415173
250,0.0,0.0,1.0,0.0,0.9054687142372131,0.07019953315415173
251,0.0,0.0,1.0,0.0,0.9054687142372131,0.07019953315415173
252,0.0,0.0,1.0,0.0,0.9054687142372131,0.07019953315415173
253,0.0,0.0,1.0,0.0,0.9054687142372131,0.07019953315415173
254,0.0,0.0,1.0,0.0,0.9054687142372131,0.07019953315415173
255,0.0,0.0,1.0,0.0,0.9054687142372131,0.07019953315415173
256,0.0,0.0,1.0,0.0,0.9054687142372131,0.07019953315415173
257,0.0,0.0,1.0,0.0,0.9054687142372131,0.07019953315415173
258,0.0,0.0,1.0,0.0,0.9054687142372131,0.07019953315415173
259,0.0,0.0,1.0,0.0,0.9054687142372131,0.07019953315415173
260,0.0,0.0,1.0,0.0,0.9054687142372131,0.07019953315415173
261,0.0,0.0,1.0,0.0,0.9054687142372131,0.07019953315415173
262,0.0,0.0,1.0,0.0,0.9054687142372131,0.07019953315415173
263,0.0,0.0,1.0,0.0,0.9054687142372131,0.07019953315415173
264,0.0,0.0,1.0,0.0,0.9054687142372131,0.07019953315415173
265,0.0,0.0,1.0,0.0,0.9054687142372131,0.07019953315415173
266,0.0,0.0,1.0,0.0,0.9054687142372131,0.07019953315415173
267,0.0,0.0,1.0,0.0,0.9054687142372131,0.07019953315415173
268,0.0,0.0,1.0,0.0,0.9054687142372131,0.07019953315415173
269,0.0,0.0,1.0,0.0,0.9054687142372131,0.07019953315415173
270,0.0,0.0,1.0,0.0,0.9054687142372131,0.07019953315415173
271,0.0,0.0,1.0,0.0,0.9054687142372131,0.07019953315415173
272,0.0,0.0,1.0,0.0,0.9054687142372131,0.07019953315415173
273,0.0,0.0,1.0,0.0,0.9054687142372131,0.07019953315415173
274,0.0,0.0,1.0,0.0,0.9054687142372131,0.07019953315415173
275,0.0,0.0,1.0,0.0,0.9054687142372131,0.07019953315415173
276,0.0,0.0,1.0,0.0,0.9054687142372131,0.07019953315415173
277,0.0,0.0,1.0,0.0,0.9054687142372131,0.07019953315415173
278,0.0,0.0,1.0,0.0,0.9054687142372131,0.07019953315415173
279,0.0,0.0,1.0,0.0,0.9054687142372131,0.07019953315415173
280,0.0,0.0,1.0,0.0,0.9054687142372131,0.07019953315415173
281,0.0,0.0,1.0,0.0,0.9054687142372131,0.07019953315415173
282,0.0,0.0,1.0,0.0,0.9054687142372131,0.07019953315415173
283,0.0,0.0,1.0,0.0,0.9054687142372131,0.07019953315415173
284,0.0,0.0,1.0,0.0,0.9054687142372131,0.07019953315415173
285,0.0,0.0,1.0,0.0,0.9054687142372131,0.07019953315415173
286,0.0,0.0,1.0,0.0,0.9054687142372131,0.07019953315415173
287,0.0,0.0,1.0,0.0,0.9054687142372131,0.07019953315415173
288,0.0,0.0,1.0,0.0,0.9054687142372131,0.07019953315415173
289,0.0,0.0,1.0,0.0,0.9054687142372131,0.07019953315415173
290,0.0,0.0,1.0,0.0,0.9054687142372131,0.07019953315415173
291,0.0,0.0,1.0,0.0,0.9054687142372131,0.07019953315415173
292,0.0,0.0,1.0,0.0,0.9054687142372131,0.07019953315415173
293,0.0,0.0,1.0,0.0,0.9054687142372131,0.07019953315415173
294,0.0,0.0,1.0,0.0,0.9054687142372131,0.07019953315415173
295,0.0,0.0,1.0,0.0,0.9054687142372131,0.07019953315415173
296,0.0,0.0,1.0,0.0,0.9054687142372131,0.07019953315415173
297,0.0,0.0,1.0,0.0,0.9054687142372131,0.07019953315415173
298,0.0,0.0,1.0,0.0,0.9054687142372131,0.07019953315415173
299,0.0,0.0,1.0,0.0,0.9054687142372131,0.07019953315415173
300,0.0,0.0,1.0,0.0,0.9054687142372131,0.07019953315415173
301,0.0,0.0,1.0,0.0,0.9054687142372131,0.07019953315415173
302,0.0,0.0,1.0,0.0,0.9054687142372131,0.07019953315415173
303,0.0,0.0,1.0,0.0,0.9054687142372131,0.07019953315415173
304,0.0,0.0,1.0,0.0,0.9054687142372131,0.07019953315415173
305,0.0,0.0,1.0,0.0,0.9054687142372131,0.07019953315415173
306,0.0,0.0,1.0,0.0,0.9054687142372131,0.07019953315415173
307,0.0,0.0,1.0,0.0,0.9054687142372131,0.07019953315415173
308,0.0,0.0,1.0,0.0,0.9054687142372131,0.07019953315415173
309,0.0,0.0,1.0,0.0,0.9054687142372131,0.07019953315415173
310,0.0,0.0,1.0,0.0,0.9054687142372131,0.07019953315415173
311,0.0,0.0,1.0,0.0,0.9054687142372131,0.07019953315415173
312,0.0,0.0,1.0,0.0,0.9054687142372131,0.07019953315415173
313,0.0,0.0,1.0,0.0,0.9054687142372131,0.07019953315415173
314,0.0,0.0,1.0,0.0,0.9054687142372131,0.07019953315415173
315,0.0,0.0,1.0,0.0,0.9054687142372131,0.07019953315415173
316,0.0,0.0,1.0,0.0,0.9054687142372131,0.07019953315415173
317,0.0,0.0,1.0,0.0,0.9054687142372131,0.07019953315415173
318,0.0,0.0,1.0,0.0,0.9054687142372131,0.07019953315415173
319,0.0,0.0,1.0,0.0,0.9054687142372131,0.07019953315415173
320,0.0,0.0,1.0,0.0,0.9054687142372131,0.07019953315415173
321,0.0,0.0,1.0,0.0,0.9054687142372131,0.07019953315415173
322,0.0,0.0,1.0,0.0,0.9054687142372131,0.07019953315415173
323,0.0,0.0,1.0,0.0,0.9054687142372131,0.07019953315415173
324,0.0,0.0,1.0,0.0,0.9054687142372131,0.07019953315415173
325,0.0,0.0,1.0,0.0,0.9054687142372131,0.07019953315415173
326,0.0,0.0,1.0,0.0,0.9054687142372131,0.07019953315415173
327,0.0,0.0,1.0,0.0,0.9054687142372131,0.07019953315415173
328,0.0,0.0,1.0,0.0,0.9054687142372131,0.07019953315415173
329,0.0,0.0,1.0,0.0,0.9054687142372131,0.07019953315415173
330,0.0,0.0,1.0,0.0,0.9054687142372131,0.07019953315415173
331,0.0,0.0,1.0,0.0,0.9054687142372131,0.07019953315415173
332,0.0,0.0,1.0,0.0,0.9054687142372131,0.07019953315415173
333,0.0,0.0,1.0,0.0,0.9054687142372131,0.07019953315415173
334,0.0,0.0,1.0,0.0,0.9054687142372131,0.07019953315415173
335,0.0,0.0,1.0,0.0,0.9054687142372131,0.07019953315415173
336,0.0,0.0,1.0,0.0,0.9054687142372131,0.07019953315415173
337,0.0,0.0,1.0,0.0,0.9054687142372131,0.07019953315415173
338,0.0,0.0,1.0,0.0,0.9054687142372131,0.07019953315415173
339,0.0,0.0,1.0,0.0,0.9054687142372131,0.07019953315415173
340,0.0,0.0,1.0,0.0,0.9054687142372131,0.07019953315415173
341,0.0,0.0,1.0,0.0,0.9054687142372131,0.07019953315415173
342,0.0,0.0,1.0,0.0,0.9054687142372131,0.07019953315415173
343,0.0,0.0,1.0,0.0,0.9054687142372131,0.07019953315415173
344,0.0,0.0,1.0,0.0,0.9054687142372131,0.07019953315415173
345,0.0,0.0,1.0,0.0,0.9054687142372131,0.07019953315415173
346,0.0,0.0,1.0,0.0,0.9054687142372131,0.07019953315415173
347,0.0,0.0,1.0,0.0,0.9054687142372131,0.07019953315415173
348,0.0,0.0,1.0,0.0,0.9054687142372131,0.07019953315415173
349,0.0,0.0,1.0,0.0,0.9054687142372131,0.07019953315415173
350,0.0,0.0,1.0,0.0,0.9054687142372131,0.07019953315415173
351,0.0,0.0,1.0,0.0,0.9054687142372131,0.07019953315415173
352,0.0,0.0,1.0,0.0,0.9054687142372131,0.07019953315415173
353,0.0,0.0,1.0,0.0,0.9054687142372131,0.07019953315415173
354,0.0,0.0,1.0,0.0,0.9054687142372131,0.07019953315415173
355,0.0,0.0,1.0,0.0,0.9054687142372131,0.07019953315415173
356,0.0,0.0,1.0,0.0,0.9054687142372131,0.07019953315415173
357,0.0,0.0,1.0,0.0,0.9054687142372131,0.07019953315415173
358,0.0,0.0,1.0,0.0,0.9054687142372131,0.07019953315415173
359,0.0,0.0,1.0,0.0,0.9054687142372131,0.07019953315415173
360,0.0,0.0,1.0,0.0,0.9054687142372131,0.07019953315415173
361,0.0,0.0,1.0,0.0,0.9054687142372131,0.07019953315415173
362,0.0,0.0,1.0,0.0,0.9054687142372131,0.07019953315415173
363,0.0,0.0,1.0,0.0,0.9054687142372131,0.07019953315415173
364,0.0,0.0,1.0,0.0,0.9054687142372131,0.07019953315415173
365,0.0,0.0,1.0,0.0,0.9054687142372131,0.07019953315415173
366,0.0,0.0,1.0,0.0,0.9054687142372131,0.07019953315415173
367,0.0,0.0,1.0,0.0,0.9054687142372131,0.07019953315415173
368,0.0,0.0,1.0,0.0,0.9054687142372131,0.07019953315415173
369,0.0,0.0,1.0,0.0,0.9054687142372131,0.07019953315415173
370,0.0,0.0,1.0,0.0,0.9054687142372131,0.07019953315415173
371,0.0,0.0,1.0,0.0,0.9054687142372131,0.07019953315415173
372,0.0,0.0,1.0,0.0,0.9054687142372131,0.07019953315415173
373,0.0,0.0,1.0,0.0,0.9054687142372131,0.07019953315415173
374,0.0,0.0,1.0,0.0,0.9054687142372131,0.07019953315415173
375,0.0,0.0,1.0,0.0,0.9054687142372131,0.07019953315415173
376,0.0,0.0,1.0,0.0,0.9054687142372131,0.07019953315415173
377,0.0,0.0,1.0,0.0,0.9054687142372131,0.07019953315415173
378,0.0,0.0,1.0,0.0,0.9054687142372131,0.07019953315415173
379,0.0,0.0,1.0,0.0,0.9054687142372131,0.07019953315415173
380,0.0,0.0,1.0,0.0,0.9054687142372131,0.07019953315415173
381,0.0,0.0,1.0,0.0,0.9054687142372131,0.07019953315415173
382,0.0,0.0,1.0,0.0,0.9054687142372131,0.07019953315415173
383,0.0,0.0,1.0,0.0,0.9054687142372131,0.07019953315415173
384,0.0,0.0,1.0,0.0,0.9054687142372131,0.07019953315415173
385,0.0,0.0,1.0,0.0,0.9054687142372131,0.07019953315415173
386,0.0,0.0,1.0,0.0,0.9054687142372131,0.07019953315415173
387,0.0,0.0,1.0,0.0,0.9054687142372131,0.07019953315415173
388,0.0,0.0,1.0,0.0,0.9054687142372131,0.07019953315415173
389,0.0,0.0,1.0,0.0,0.9054687142372131,0.07019953315415173
390,0.0,0.0,1.0,0.0,0.9054687142372131,0.07019953315415173
391,0.0,0.0,1.0,0.0,0.9054687142372131,0.07019953315415173
392,0.0,0.0,1.0,0.0,0.9054687142372131,0.07019953315415173
393,0.0,0.0,1.0,0.0,0.9054687142372131,0.07019953315415173
394,0.0,0.0,1.0,0.0,0.9054687142372131,0.07019953315415173
395,0.0,0.0,1.0,0.0,0.9054687142372131,0.07019953315415173
396,0.0,0.0,1.0,0.0,0.9054687142372131,0.07019953315415173
397,0.0,0.0,1.0,0.0,0.9054687142372131,0.07019953315415173
398,0.0,0.0,1.0,0.0,0.9054687142372131,0.07019953315415173
399,0.0,0.0,1.0,0.0,0.9054687142372131,0.07019953315415173
400,0.0,0.0,1.0,0.0,0.9054687142372131,0.07019953315415173
401,0.0,0.0,1.0,0.0,0.9054687142372131,0.07019953315415173
402,0.0,0.0,1.0,0.0,0.9054687142372131,0.07019953315415173
403,0.0,0.0,1.0,0.0,0.9054687142372131,0.07019953315415173
404,0.0,0.0,1.0,0.0,0.9054687142372131,0.07019953315415173
405,0.0,0.0,1.0,0.0,0.9054687142372131,0.07019953315415173
406,0.0,0.0,1.0,0.0,0.9054687142372131,0.07019953315415173
407,0.0,0.0,1.0,0.0,0.9054687142372131,0.07019953315415173
408,0.0,0.0,1.0,0.0,0.9054687142372131,0.07019953315415173
409,0.0,0.0,1.0,0.0,0.9054687142372131,0.07019953315415173
410,0.0,0.0,1.0,0.0,0.9054687142372131,0.07019953315415173
411,0.0,0.0,1.0,0.0,0.9054687142372131,0.07019953315415173
412,0.0,0.0,1.0,0.0,0.9054687142372131,0.07019953315415173
413,0.0,0.0,1.0,0.0,0.9054687142372131,0.07019953315415173
414,0.0,0.0,1.0,0.0,0.9054687142372131,0.07019953315415173
415,0.0,0.0,1.0,0.0,0.9054687142372131,0.07019953315415173
416,0.0,0.0,1.0,0.0,0.9054687142372131,0.07019953315415173
417,0.0,0.0,1.0,0.0,0.9054687142372131,0.07019953315415173
418,0.0,0.0,1.0,0.0,0.9054687142372131,0.07019953315415173
419,0.0,0.0,1.0,0.0,0.9054687142372131,0.07019953315415173
420,0.0,0.0,1.0,0.0,0.9054687142372131,0.07019953315415173
421,0.0,0.0,1.0,0.0,0.9054687142372131,0.07019953315415173
422,0.0,0.0,1.0,0.0,0.9054687142372131,0.07019953315415173
423,0.0,0.0,1.0,0.0,0.9054687142372131,0.07019953315415173
424,0.0,0.0,1.0,0.0,0.9054687142372131,0.07019953315415173
425,0.0,0.0,1.0,0.0,0.9054687142372131,0.07019953315415173
426,0.0,0.0,1.0,0.0,0.9054687142372131,0.07019953315415173
427,0.0,0.0,1.0,0.0,0.9054687142372131,0.07019953315415173
428,0.0,0.0,1.0,0.0,0.9054687142372131,0.07019953315415173
429,0.0,0.0,1.0,0.0,0.9054687142372131,0.07019953315415173
430,0.0,0.0,1.0,0.0,0.9054687142372131,0.07019953315415173
431,0.0,0.0,1.0,0.0,0.9054687142372131,0.07019953315415173
432,0.0,0.0,1.0,0.0,0.9054687142372131,0.07019953315415173
433,0.0,0.0,1.0,0.0,0.9054687142372131,0.07019953315415173
434,0.0,0.0,1.0,0.0,0.9054687142372131,0.07019953315415173
435,0.0,0.0,1.0,0.0,0.9054687142372131,0.07019953315415173
436,0.0,0.0,1.0,0.0,0.9054687142372131,0.07019953315415173
437,0.0,0.0,1.0,0.0,0.9054687142372131,0.07019953315415173
438,0.0,0.0,1.0,0.0,0.9054687142372131,0.07019953315415173
439,0.0,0.0,1.0,0.0,0.9054687142372131,0.07019953315415173
440,0.0,0.0,1.0,0.0,0.9054687142372131,0.07019953315415173
441,0.0,0.0,1.0,0.0,0.9054687142372131,0.07019953315415173
442,0.0,0.0,1.0,0.0,0.9054687142372131,0.07019953315415173
443,0.0,0.0,1.0,0.0,0.9054687142372131,0.07019953315415173
444,0.0,0.0,1.0,0.0,0.9054687142372131,0.07019953315415173
445,0.0,0.0,1.0,0.0,0.9054687142372131,0.07019953315415173
446,0.0,0.0,1.0,0.0,0.9054687142372131,0.07019953315415173
447,0.0,0.0,1.0,0.0,0.9054687142372131,0.07019953315415173
448,0.0,0.0,1.0,0.0,0.9054687142372131,0.07019953315415173
449,0.0,0.0,1.0,0.0,0.9054687142372131,0.07019953315415173
450,0.0,0.0,1.0,0.0,0.9054687142372131,0.07019953315415173
451,0.0,0.0,1.0,0.0,0.9054687142372131,0.07019953315415173
452,0.0,0.0,1.0,0.0,0.9054687142372131,0.07019953315415173
453,0.0,0.0,1.0,0.0,0.9054687142372131,0.07019953315415173
454,0.0,0.0,1.0,0.0,0.9054687142372131,0.07019953315415173
455,0.0,0.0,1.0,0.0,0.9054687142372131,0.07019953315415173
456,0.0,0.0,1.0,0.0,0.9054687142372131,0.07019953315415173
457,0.0,0.0,1.0,0.0,0.9054687142372131,0.07019953315415173
458,0.0,0.0,1.0,0.0,0.9054687142372131,0.07019953315415173
459,0.0,0.0,1.0,0.0,0.9054687142372131,0.07019953315415173
460,0.0,0.0,1.0,0.0,0.9054687142372131,0.07019953315415173
461,0.0,0.0,1.0,0.0,0.9054687142372131,0.07019953315415173
462,0.0,0.0,1.0,0.0,0.9054687142372131,0.07019953315415173
463,0.0,0.0,1.0,0.0,0.9054687142372131,0.07019953315415173
464,0.0,0.0,1.0,0.0,0.9054687142372131,0.07019953315415173
465,0.0,0.0,1.0,0.0,0.9054687142372131,0.07019953315415173
466,0.0,0.0,1.0,0.0,0.9054687142372131,0.07019953315415173
467,0.0,0.0,1.0,0.0,0.9054687142372131,0.07019953315415173
468,0.0,0.0,1.0,0.0,0.9054687142372131,0.07019953315415173
469,0.0,0.0,1.0,0.0,0.9054687142372131,0.07019953315415173
470,0.0,0.0,1.0,0.0,0.9054687142372131,0.07019953315415173
471,0.0,0.0,1.0,0.0,0.9054687142372131,0.07019953315415173
472,0.0,0.0,1.0,0.0,0.9054687142372131,0.07019953315415173
473,0.0,0.0,1.0,0.0,0.9054687142372131,0.07019953315415173
474,0.0,0.0,1.0,0.0,0.9054687142372131,0.07019953315415173
475,0.0,0.0,1.0,0.0,0.9054687142372131,0.07019953315415173
476,0.0,0.0,1.0,0.0,0.9054687142372131,0.07019953315415173
477,0.0,0.0,1.0,0.0,0.9054687142372131,0.07019953315415173
478,0.0,0.0,1.0,0.0,0.9054687142372131,0.07019953315415173
479,0.0,0.0,1.0,0.0,0.9054687142372131,0.07019953315415173
480,0.0,0.0,1.0,0.0,0.9054687142372131,0.07019953315415173
481,0.0,0.0,1.0,0.0,0.9054687142372131,0.07019953315415173
482,0.0,0.0,1.0,0.0,0.9054687142372131,0.07019953315415173
483,0.0,0.0,1.0,0.0,0.9054687142372131,0.07019953315415173
484,0.0,0.0,1.0,0.0,0.9054687142372131,0.07019953315415173
485,0.0,0.0,1.0,0.0,0.9054687142372131,0.07019953315415173
486,0.0,0.0,1.0,0.0,0.9054687142372131,0.07019953315415173
487,0.0,0.0,1.0,0.0,0.9054687142372131,0.07019953315415173
488,0.0,0.0,1.0,0.0,0.9054687142372131,0.07019953315415173
489,0.0,0.0,1.0,0.0,0.9054687142372131,0.07019953315415173
490,0.0,0.0,1.0,0.0,0.9054687142372131,0.07019953315415173
491,0.0,0.0,1.0,0.0,0.9054687142372131,0.07019953315415173
492,0.0,0.0,1.0,0.0,0.9054687142372131,0.07019953315415173
493,0.0,0.0,1.0,0.0,0.9054687142372131,0.07019953315415173
494,0.0,0.0,1.0,0.0,0.9054687142372131,0.07019953315415173
495,0.0,0.0,1.0,0.0,0.9054687142372131,0.07019953315415173
496,0.0,0.0,1.0,0.0,0.9054687142372131,0.07019953315415173
497,0.0,0.0,1.0,0.0,0.9054687142372131,0.07019953315415173
498,0.0,0.0,1.0,0.0,0.9054687142372131,0.07019953315415173
499,0.0,0.0,1.0,0.0,0.9054687142372131,0.07019953315415173
