type,step,episode_reward,mean_episode_fC,actor_loss,critic_loss,eval_reward,eval_mean_fC
train_episode,150,1.4782578991435003,0.00849853515625,,,,
train_episode,300,1.4640473190229386,0.008423258463541666,,,,
train_episode,450,1.4771427624946227,0.008514811197916666,,,,
train_episode,600,1.3670959298324306,0.0078116861979166665,,,,
train_episode,750,4.439735388383269,0.029496256510416666,,,,
train_episode,900,13.922200001776218,0.093709716796875,,,,
train_episode,1050,8.226861978881061,0.05476806640625,,,,
train_episode,1200,25.450995922088623,0.171646728515625,,,,
train_episode,1350,52.360259369015694,0.3531905110677083,,,,
train_episode,1500,56.76962272822857,0.3825911458333333,,,,
train_episode,1650,57.187168687582016,0.3851167805989583,,,,
train_episode,1800,61.10225683450699,0.41128702799479167,,,,
train_episode,1950,60.54403868317604,0.4074788411458333,,,,
train_episode,2100,63.74669998884201,0.4289827473958333,,,,
train_episode,2250,63.92307594418526,0.4300968424479167,,,,
train_episode,2400,63.09423670172691,0.42456705729166666,,,,
train_episode,2550,64.65006905794144,0.43504720052083334,,,,
train_episode,2700,66.196706533432,0.445396728515625,,,,
train_episode,2850,66.54537299275398,0.4476806640625,,,,
train_episode,3000,65.58612930774689,0.4413041178385417,,,,
train_episode,3150,67.510189473629,0.45407674153645833,,,,
train_episode,3300,68.42570969462395,0.460238037109375,,,,
train_episode,3450,68.22982054948807,0.458843994140625,,,,
train_episode,3600,66.86082082986832,0.44969563802083334,,,,
train_episode,3750,66.83612442016602,0.44955118815104167,,,,
train_episode,3900,68.74111557006836,0.46230183919270834,,,,
train_episode,4050,69.54090505838394,0.4675797526041667,,,,
train_episode,4200,69.25106298923492,0.4656978352864583,,,,
train_episode,4350,70.97686395049095,0.47727376302083335,,,,
train_episode,4500,72.32133570313454,0.486365966796875,,,,
train_episode,4650,72.84001004695892,0.49032674153645833,,,,
train_episode,4800,72.97431609034538,0.4909944661458333,,,,
train_episode,4950,73.99407038092613,0.49839192708333335,,,,
eval,5000,,,,,71.60263988189696,0.48275390625
train_episode,5100,73.12697684764862,0.492987060546875,,,,
train_episode,5250,74.35318112373352,0.5012528483072917,,,,
train_episode,5400,75.38517165184021,0.50817138671875,,,,
train_episode,5550,77.53900346159935,0.5227909342447916,,,,
train_episode,5700,78.02841264009476,0.5260640462239583,,,,
train_episode,5850,79.36951687932014,0.5348531087239583,,,,
train_episode,6000,80.43674191832542,0.5419364420572916,,,,
train_episode,6150,80.65188869833946,0.5434952799479167,,,,
train_episode,6300,82.7572695016861,0.5576131184895833,,,,
train_episode,6450,81.77195286750793,0.55083251953125,,,,
train_episode,6600,83.33387765288353,0.5614066569010416,,,,
train_episode,6750,85.57734486460686,0.5763675944010417,,,,
train_episode,6900,85.41556534171104,0.5754659016927083,,,,
train_episode,7050,86.97498139739037,0.5859684244791666,,,,
train_episode,7200,89.37797486782074,0.602191162109375,,,,
train_episode,7350,89.77122920751572,0.6046488444010417,,,,
train_episode,7500,88.5881619155407,0.5967159016927084,,,,
train_episode,7650,90.76814389228821,0.6110664876302083,,,,
train_episode,7800,90.52522623538971,0.60951416015625,,,,
train_episode,7950,89.93802765011787,0.6056840006510417,,,,
train_episode,8100,89.49812489748001,0.602586669921875,,,,
train_episode,8250,90.53535336256027,0.6096700032552084,,,,
train_episode,8400,91.19179093837738,0.6145560709635417,,,,
train_episode,8550,95.9215686917305,0.6468074544270833,,,,
train_episode,8700,98.08651313185692,0.6618672688802083,,,,
train_episode,8850,103.04035624861717,0.695123291015625,,,,
train_episode,9000,108.714849203825,0.732679443359375,,,,
train_episode,9150,109.55721917748451,0.738037109375,,,,
train_episode,9300,112.52882790565491,0.7577950032552083,,,,
train_episode,9450,112.00265815854073,0.7541890462239583,,,,
train_episode,9600,109.87866145372391,0.740264892578125,,,,
train_episode,9750,108.21747303009033,0.7295243326822917,,,,
train_episode,9900,105.28273671865463,0.710196533203125,,,,
eval,10000,,,,,101.40711924591065,0.6846536458333332
train_episode,10050,100.61261051893234,0.679306640625,,,,
train_episode,10200,98.06093835830688,0.6619417317708334,,,,
train_episode,10350,96.60532796382904,0.6521297200520834,,,,
train_episode,10500,94.78566044569016,0.6395772298177084,,,,
train_episode,10650,94.33420187234879,0.6363505045572917,,,,
train_episode,10800,92.76845115423203,0.625875244140625,,,,
train_episode,10950,93.09011936187744,0.6280110677083334,,,,
train_episode,11100,92.05636209249496,0.621090087890625,,,,
train_episode,11250,92.43430006504059,0.6235135904947917,,,,
train_episode,11400,94.95995891094208,0.6410074869791667,,,,
train_episode,11550,98.93619585037231,0.6679170735677084,,,,
train_episode,11700,104.13609060645103,0.7028715006510416,,,,
train_episode,11850,110.71863269805908,0.7464253743489583,,,,
train_episode,12000,117.6740460395813,0.791988525390625,,,,
train_episode,12150,117.71256700158119,0.792191162109375,,,,
train_episode,12300,118.35458406805992,0.796298828125,,,,
train_episode,12450,118.80604103207588,0.7992333984375,,,,
train_episode,12600,117.32019394636154,0.789632568359375,,,,
train_episode,12750,119.76246777176857,0.8056575520833333,,,,
train_episode,12900,120.60490909218788,0.8113753255208334,,,,
train_episode,13050,121.57066896557808,0.817730712890625,,,,
train_episode,13200,122.42829740047455,0.8234586588541667,,,,
train_episode,13350,122.73118498921394,0.8253788248697916,,,,
train_episode,13500,123.65045911073685,0.8316182454427083,,,,
train_episode,13650,122.6874178647995,0.8251261393229167,,,,
train_episode,13800,122.41005969047546,0.823477783203125,,,,
train_episode,13950,122.4193160533905,0.8234370930989583,,,,
train_episode,14100,123.3144326210022,0.8293550618489584,,,,
train_episode,14250,122.4559135735035,0.8238142903645833,,,,
train_episode,14400,123.974640250206,0.8337247721354166,,,,
train_episode,14550,123.51759499311447,0.8307246907552084,,,,
train_episode,14700,125.0258509516716,0.8407853190104166,,,,
train_episode,14850,124.41043722629547,0.8367476399739583,,,,
train_episode,15000,123.85213530063629,0.8329964192708333,,,,
eval,15000,,,,,123.41863238220215,0.8301666666666666
train_episode,15150,124.2751892209053,0.8359041341145833,,,,
train_episode,15300,124.85460865497589,0.839522705078125,,,,
train_episode,15450,124.1625240445137,0.8350118001302084,,,,
train_episode,15600,124.17891001701355,0.8351375325520833,,,,
train_episode,15750,124.4146294593811,0.8367500813802083,,,,
train_episode,15900,124.4140103161335,0.83673828125,,,,
train_episode,16050,125.6824100613594,0.8451277669270834,,,,
train_episode,16200,126.37709617614746,0.8496927897135417,,,,
train_episode,16350,125.76341319084167,0.8455855305989584,,,,
train_episode,16500,126.42442587018013,0.85001220703125,,,,
train_episode,16650,126.60123139619827,0.8511580403645833,,,,
train_episode,16800,127.15900772809982,0.8548543294270833,,,,
train_episode,16950,126.24164515733719,0.84893798828125,,,,
train_episode,17100,124.64834427833557,0.8384012858072917,,,,
train_episode,17250,126.05719688534737,0.8476521809895833,,,,
train_episode,17400,126.62730407714844,0.8514485677083333,,,,
train_episode,17550,126.76112616062164,0.85232666015625,,,,
train_episode,17700,126.72908592224121,0.85210205078125,,,,
train_episode,17850,126.88008189201355,0.853194580078125,,,,
train_episode,18000,125.98986753821373,0.8473624674479167,,,,
train_episode,18150,126.47479164600372,0.8505118815104167,,,,
train_episode,18300,127.18912532925606,0.8552400716145834,,,,
train_episode,18450,126.33008241653442,0.8494978841145834,,,,
train_episode,18600,126.54902586340904,0.850992431640625,,,,
train_episode,18750,126.7225347161293,0.8521573893229166,,,,
train_episode,18900,126.95719161629677,0.85365966796875,,,,
train_episode,19050,127.71459516882896,0.8585941569010417,,,,
train_episode,19200,127.15769916772842,0.8550040690104167,,,,
train_episode,19350,127.76987782120705,0.8589424641927084,,,,
train_episode,19500,127.48286753892899,0.8571634928385417,,,,
train_episode,19650,126.78214484453201,0.8525236002604166,,,,
train_episode,19800,126.94888719916344,0.8536055501302083,,,,
train_episode,19950,127.89665347337723,0.85981689453125,,,,
eval,20000,,,,,126.71076338348387,0.8520143229166667
train_episode,20100,127.5378682911396,0.8574654134114583,,,,
train_episode,20250,127.46564334630966,0.8570231119791667,,,,
train_episode,20400,127.61933594942093,0.8579292805989583,,,,
train_episode,20550,128.47097858786583,0.8636555989583333,,,,
train_episode,20700,128.33782783150673,0.8627364095052084,,,,
train_episode,20850,128.61446499824524,0.8645511881510417,,,,
train_episode,21000,128.71917590498924,0.8652315266927083,,,,
train_episode,21150,127.73142156004906,0.858753662109375,,,,
train_episode,21300,128.71042239665985,0.8651802571614583,,,,
train_episode,21450,129.45229515433311,0.8700703938802083,,,,
train_episode,21600,128.96390062570572,0.8669169108072917,,,,
train_episode,21750,128.2837505042553,0.862410888671875,,,,
train_episode,21900,128.5415160059929,0.8640450032552084,,,,
train_episode,22050,128.32262253761292,0.8626273600260417,,,,
train_episode,22200,128.6644924879074,0.8649064127604167,,,,
train_episode,22350,128.33727848529816,0.8626969401041666,,,,
train_episode,22500,127.87732169032097,0.8597517903645834,,,,
train_episode,22650,128.0630473792553,0.8610005696614583,,,,
train_episode,22800,127.73389050364494,0.8589111328125,,,,
train_episode,22950,129.02653315663338,0.867373046875,,,,
train_episode,23100,128.19571456313133,0.8619124348958334,,,,
train_episode,23250,128.53099885582924,0.8640999348958334,,,,
train_episode,23400,129.10932570695877,0.8679313151041667,,,,
train_episode,23550,129.3954223394394,0.8698579915364584,,,,
train_episode,23700,129.24125331640244,0.8688216145833333,,,,
train_episode,23850,129.41719907522202,0.8699727376302083,,,,
train_episode,24000,129.6031039059162,0.8712117513020833,,,,
train_episode,24150,129.92341727018356,0.8733154296875,,,,
train_episode,24300,129.98091328144073,0.8737223307291667,,,,
train_episode,24450,130.2614682018757,0.8755179850260416,,,,
train_episode,24600,130.86848056316376,0.8795686848958333,,,,
train_episode,24750,130.93138152360916,0.8799532063802084,,,,
train_episode,24900,129.7532101869583,0.8722074381510416,,,,
eval,25000,,,,,130.5776310333252,0.8775442708333333
train_episode,25050,130.6009026169777,0.877783203125,,,,
train_episode,25200,130.54283100366592,0.8774007161458334,,,,
train_episode,25350,132.25511646270752,0.88863037109375,,,,
train_episode,25500,131.7570168375969,0.8853458658854166,,,,
train_episode,25650,132.2180615067482,0.8884004720052083,,,,
train_episode,25800,132.88724583387375,0.8928564453125,,,,
train_episode,25950,133.02682161331177,0.8937727864583334,,,,
train_episode,26100,133.85910999774933,0.899241943359375,,,,
train_episode,26250,132.7152740061283,0.8917496744791666,,,,
train_episode,26400,133.20841175317764,0.8949772135416667,,,,
train_episode,26550,134.78200936317444,0.9053666178385417,,,,
train_episode,26700,133.26575303077698,0.8952587890625,,,,
train_episode,26850,134.11916083097458,0.9009554036458334,,,,
train_episode,27000,133.38246738910675,0.8961039225260417,,,,
train_episode,27150,133.42402970790863,0.8963728841145834,,,,
train_episode,27300,133.09726703166962,0.8942399088541667,,,,
train_episode,27450,133.4913263618946,0.8968196614583334,,,,
train_episode,27600,133.35169225931168,0.8959529622395833,,,,
train_episode,27750,133.3504140973091,0.89592529296875,,,,
train_episode,27900,133.57753241062164,0.8973807779947917,,,,
train_episode,28050,133.62734252214432,0.8977909342447916,,,,
train_episode,28200,133.72273743152618,0.898349609375,,,,
train_episode,28350,133.79249095916748,0.8987687174479166,,,,
train_episode,28500,133.5055490732193,0.8969319661458334,,,,
train_episode,28650,133.53516399860382,0.8971415201822917,,,,
train_episode,28800,133.56402069330215,0.897296142578125,,,,
train_episode,28950,133.84939283132553,0.8992301432291666,,,,
train_episode,29100,133.2130745947361,0.8950081380208333,,,,
train_episode,29250,133.6664731502533,0.8979736328125,,,,
train_episode,29400,133.9999777674675,0.9001570638020834,,,,
train_episode,29550,133.84334015846252,0.8991410319010417,,,,
train_episode,29700,134.1739403605461,0.901334228515625,,,,
train_episode,29850,134.22704300284386,0.9016520182291666,,,,
train_episode,30000,134.33261781930923,0.9023388671875,,,,
eval,30000,,,,,134.58683992919921,0.9040338541666667
train_episode,30150,134.54318034648895,0.9037223307291666,,,,
train_episode,30300,134.63289308547974,0.9043363444010417,,,,
train_episode,30450,135.24180406332016,0.908311767578125,,,,
train_episode,30600,134.89604026079178,0.9060734049479167,,,,
train_episode,30750,135.35298269987106,0.9090836588541666,,,,
train_episode,30900,134.56351974606514,0.9038228352864583,,,,
train_episode,31050,135.2602314054966,0.908419189453125,,,,
train_episode,31200,134.82423329353333,0.905540771484375,,,,
train_episode,31350,134.33615803718567,0.9023095703125,,,,
train_episode,31500,134.83799159526825,0.9056245930989584,,,,
train_episode,31650,135.16564512252808,0.907830810546875,,,,
train_episode,31800,135.03003001213074,0.9069278971354167,,,,
train_episode,31950,135.22463887929916,0.9082096354166667,,,,
train_episode,32100,135.17998069524765,0.9079715983072917,,,,
train_episode,32250,135.08318650722504,0.9073819986979167,,,,
train_episode,32400,135.6248076558113,0.910928955078125,,,,
train_episode,32550,135.6027756333351,0.9108060709635417,,,,
train_episode,32700,135.41292637586594,0.909505615234375,,,,
train_episode,32850,135.34365418553352,0.90908447265625,,,,
train_episode,33000,135.83379945158958,0.9123653157552083,,,,
train_episode,33150,135.3214479982853,0.9089982096354167,,,,
train_episode,33300,135.03979897499084,0.9071431477864583,,,,
train_episode,33450,135.75436133146286,0.9118709309895834,,,,
train_episode,33600,136.469015032053,0.916668701171875,,,,
train_episode,33750,135.74208509922028,0.911895751953125,,,,
train_episode,33900,136.60100030899048,0.9176224772135416,,,,
train_episode,34050,135.74028915166855,0.91183349609375,,,,
train_episode,34200,136.33140587806702,0.9157784016927083,,,,
train_episode,34350,136.16403511166573,0.9146614583333333,,,,
train_episode,34500,137.2555104792118,0.921947021484375,,,,
train_episode,34650,137.5476329922676,0.9239054361979167,,,,
train_episode,34800,137.6230531334877,0.9245267740885417,,,,
train_episode,34950,137.8977511227131,0.9262386067708334,,,,
eval,35000,,,,,137.02959977722168,0.9204661458333334
train_episode,35100,138.5229831635952,0.9304707845052084,,,,
train_episode,35250,138.04374423623085,0.9272892252604167,,,,
train_episode,35400,138.07620069384575,0.9274593098958334,,,,
train_episode,35550,138.01336950063705,0.927078857421875,,,,
train_episode,35700,137.83103469014168,0.9257991536458333,,,,
train_episode,35850,138.42793798446655,0.9297762044270833,,,,
train_episode,36000,137.99855384230614,0.926934814453125,,,,
train_episode,36150,137.90385729074478,0.9262890625,,,,
train_episode,36300,138.66032791137695,0.931319580078125,,,,
train_episode,36450,138.19189155101776,0.9281929524739584,,,,
train_episode,36600,138.10434705018997,0.927655029296875,,,,
train_episode,36750,138.13464033603668,0.9278841145833333,,,,
train_episode,36900,138.117671251297,0.9277115885416667,,,,
train_episode,37050,138.31045588850975,0.9289949544270834,,,,
train_episode,37200,138.63690835237503,0.9311979166666666,,,,
train_episode,37350,138.09032779932022,0.9275443522135417,,,,
train_episode,37500,137.7920624613762,0.9255924479166666,,,,
train_episode,37650,138.10914677381516,0.9276875813802083,,,,
train_episode,37800,138.13020092248917,0.9278690592447917,,,,
train_episode,37950,137.92395478487015,0.926514892578125,,,,
train_episode,38100,138.40112972259521,0.9297090657552083,,,,
train_episode,38250,138.556003510952,0.9306730143229167,,,,
train_episode,38400,137.89014926552773,0.926292724609375,,,,
train_episode,38550,138.62434697151184,0.9311515299479166,,,,
train_episode,38700,138.36592304706573,0.9294258626302083,,,,
train_episode,38850,138.0372842848301,0.9272025553385417,,,,
train_episode,39000,138.2780333161354,0.9287833658854167,,,,
train_episode,39150,138.5207102894783,0.930396728515625,,,,
train_episode,39300,138.38524341583252,0.9295601399739584,,,,
train_episode,39450,138.57354924082756,0.93074951171875,,,,
train_episode,39600,138.91400343179703,0.93299560546875,,,,
train_episode,39750,139.17030185461044,0.93468994140625,,,,
train_episode,39900,138.33486652374268,0.9291178385416666,,,,
eval,40000,,,,,139.7202586181641,0.93836328125
train_episode,40050,138.30038237571716,0.9289143880208334,,,,
train_episode,40200,138.4709853231907,0.9300533040364584,,,,
train_episode,40350,138.91059732437134,0.932957763671875,,,,
train_episode,40500,138.9695989191532,0.933331298828125,,,,
train_episode,40650,138.94808688759804,0.93320068359375,,,,
train_episode,40800,138.98453351855278,0.9334529622395833,,,,
train_episode,40950,138.97704076766968,0.9334322102864583,,,,
train_episode,41100,139.4653015434742,0.9366776529947917,,,,
train_episode,41250,139.214872777462,0.9349564615885416,,,,
train_episode,41400,138.75821459293365,0.93195556640625,,,,
train_episode,41550,139.2346806526184,0.9351387532552083,,,,
train_episode,41700,139.76541024446487,0.9385603841145833,,,,
train_episode,41850,138.94472151994705,0.9331901041666667,,,,
train_episode,42000,139.49493670463562,0.9368037923177084,,,,
train_episode,42150,138.82861816883087,0.932459716796875,,,,
train_episode,42300,139.1348842382431,0.934405517578125,,,,
train_episode,42450,139.07738411426544,0.934072265625,,,,
train_episode,42600,139.15698778629303,0.9345951334635416,,,,
train_episode,42750,139.34552574157715,0.9359025065104166,,,,
train_episode,42900,139.65709376335144,0.9379109700520833,,,,
train_episode,43050,139.25392630696297,0.935313720703125,,,,
train_episode,43200,139.2121321260929,0.934974365234375,,,,
train_episode,43350,139.3943351507187,0.9362369791666667,,,,
train_episode,43500,139.42213314771652,0.93632568359375,,,,
train_episode,43650,139.0369388461113,0.9338716634114583,,,,
train_episode,43800,138.91661602258682,0.9330794270833334,,,,
train_episode,43950,139.4629486501217,0.936656494140625,,,,
train_episode,44100,139.15952622890472,0.9346638997395833,,,,
train_episode,44250,139.1298342347145,0.9344551595052083,,,,
train_episode,44400,139.46294474601746,0.9365755208333333,,,,
train_episode,44550,139.6551158428192,0.9378560384114584,,,,
train_episode,44700,139.41626262664795,0.9362955729166667,,,,
train_episode,44850,139.22185796499252,0.9350236002604166,,,,
train_episode,45000,139.35555934906006,0.9358516438802084,,,,
eval,45000,,,,,139.68264661560056,0.9380481770833333
train_episode,45150,139.40725189447403,0.936224365234375,,,,
train_episode,45300,139.7154546380043,0.9383024088541667,,,,
train_episode,45450,139.70725524425507,0.938232421875,,,,
train_episode,45600,139.45102840662003,0.9365315755208333,,,,
train_episode,45750,139.64559417963028,0.9377815755208333,,,,
train_episode,45900,139.79625633358955,0.938773193359375,,,,
train_episode,46050,139.47879946231842,0.9367146809895833,,,,
train_episode,46200,139.86763048171997,0.9392183430989584,,,,
train_episode,46350,139.65965715050697,0.9378995768229167,,,,
train_episode,46500,139.76087975502014,0.9385599772135417,,,,
train_episode,46650,139.26047426462173,0.9352421061197916,,,,
train_episode,46800,139.62101888656616,0.937596435546875,,,,
train_episode,46950,139.22046148777008,0.9349393717447917,,,,
train_episode,47100,139.26184925436974,0.9352018229166666,,,,
train_episode,47250,139.7910920381546,0.9386747233072916,,,,
train_episode,47400,139.99994894862175,0.940142822265625,,,,
train_episode,47550,139.29243111610413,0.9354097493489584,,,,
train_episode,47700,139.8121763765812,0.9388041178385417,,,,
train_episode,47850,139.66688865423203,0.9378987630208333,,,,
train_episode,48000,139.24444344639778,0.9351139322916666,,,,
train_episode,48150,139.4179975092411,0.936302490234375,,,,
train_episode,48300,139.59811934828758,0.9374601236979166,,,,
train_episode,48450,139.25228214263916,0.93518798828125,,,,
train_episode,48600,139.35317999124527,0.9358235677083333,,,,
train_episode,48750,139.83834165334702,0.9390498860677083,,,,
train_episode,48900,139.3769162595272,0.936007080078125,,,,
train_episode,49050,139.33235523104668,0.93567626953125,,,,
train_episode,49200,139.36239328980446,0.935963134765625,,,,
train_episode,49350,139.38752254843712,0.9360408528645834,,,,
train_episode,49500,139.52454060316086,0.936982421875,,,,
train_episode,49650,139.51484736800194,0.9369197591145834,,,,
train_episode,49800,139.9076725244522,0.939498291015625,,,,
train_episode,49950,139.64005887508392,0.9377803548177084,,,,
eval,50000,,,,,139.26017220001222,0.9352031249999999
train_episode,50100,139.31998562812805,0.9355891927083333,,,,
train_episode,50250,139.72574660182,0.9382527669270834,,,,
train_episode,50400,139.1047824025154,0.9341971842447917,,,,
train_episode,50550,139.65703290700912,0.9378361002604166,,,,
train_episode,50700,140.27139723300934,0.9419356282552084,,,,
train_episode,50850,140.09238362312317,0.9407234700520833,,,,
train_episode,51000,140.59837666153908,0.944085693359375,,,,
train_episode,51150,139.99645456671715,0.940123291015625,,,,
train_episode,51300,140.12727922201157,0.9409562174479167,,,,
train_episode,51450,140.04571825265884,0.940401611328125,,,,
train_episode,51600,139.97776991128922,0.9399104817708334,,,,
train_episode,51750,140.19104206562042,0.9413618977864583,,,,
train_episode,51900,140.4469262957573,0.9431005859375,,,,
train_episode,52050,140.28299483656883,0.9419921875,,,,
train_episode,52200,140.07011592388153,0.940582275390625,,,,
train_episode,52350,139.76234596967697,0.9385489908854167,,,,
train_episode,52500,140.16305881738663,0.9412141927083333,,,,
train_episode,52650,140.14958608150482,0.94112060546875,,,,
train_episode,52800,140.5918771624565,0.9439851888020834,,,,
train_episode,52950,140.2758319079876,0.9419051106770834,,,,
train_episode,53100,140.414196819067,0.9428108723958334,,,,
train_episode,53250,139.99633693695068,0.9400528971354166,,,,
train_episode,53400,140.58538272976875,0.9439591471354166,,,,
train_episode,53550,140.5097146332264,0.94343994140625,,,,
train_episode,53700,140.42663425207138,0.942947998046875,,,,
train_episode,53850,141.07193234562874,0.9472111002604167,,,,
train_episode,54000,140.07609224319458,0.9406119791666666,,,,
train_episode,54150,140.8161785006523,0.94546142578125,,,,
train_episode,54300,140.76042461395264,0.9451822916666667,,,,
train_episode,54450,140.45773136615753,0.9431624348958333,,,,
train_episode,54600,140.58088010549545,0.94398193359375,,,,
train_episode,54750,140.80253094434738,0.94544189453125,,,,
train_episode,54900,140.87383937835693,0.945882568359375,,,,
eval,55000,,,,,140.19397725524905,0.9413059895833333
train_episode,55050,140.56484705209732,0.9437894694010417,,,,
train_episode,55200,140.29500755667686,0.942071533203125,,,,
train_episode,55350,140.8064168691635,0.945390625,,,,
train_episode,55500,140.87058597803116,0.9457991536458333,,,,
train_episode,55650,140.93528282642365,0.94623046875,,,,
train_episode,55800,140.9994632601738,0.9466451009114584,,,,
train_episode,55950,141.11418825387955,0.9474161783854167,,,,
train_episode,56100,140.89067739248276,0.94591552734375,,,,
train_episode,56250,141.3371225297451,0.9489070638020833,,,,
train_episode,56400,141.09663581848145,0.9472904459635416,,,,
train_episode,56550,140.6515040397644,0.9443587239583333,,,,
train_episode,56700,141.22646299004555,0.9481819661458334,,,,
train_episode,56850,141.1301620900631,0.9475016276041667,,,,
train_episode,57000,141.10974296927452,0.947410888671875,,,,
train_episode,57150,141.3404868543148,0.9488749186197917,,,,
train_episode,57300,141.32231506705284,0.948731689453125,,,,
train_episode,57450,141.2960050702095,0.9486088053385416,,,,
train_episode,57600,141.49290320277214,0.9498893229166666,,,,
train_episode,57750,141.07719519734383,0.9471293131510417,,,,
train_episode,57900,141.49766898155212,0.9499015299479167,,,,
train_episode,58050,141.65026611089706,0.9509130859375,,,,
train_episode,58200,141.50810357928276,0.949967041015625,,,,
train_episode,58350,141.63871094584465,0.9508056640625,,,,
train_episode,58500,141.81799387931824,0.9520235188802083,,,,
train_episode,58650,141.6650294661522,0.9510062662760417,,,,
train_episode,58800,141.72728222608566,0.9514070638020833,,,,
train_episode,58950,141.71785420179367,0.9513590494791667,,,,
train_episode,59100,141.89632892608643,0.9525370279947917,,,,
train_episode,59250,141.5180698633194,0.9500321451822916,,,,
train_episode,59400,141.5440794825554,0.950169677734375,,,,
train_episode,59550,141.6532823741436,0.9508992513020833,,,,
train_episode,59700,141.34624063968658,0.9488773600260416,,,,
train_episode,59850,141.65284103155136,0.9508638509114583,,,,
train_episode,60000,141.63430231809616,0.9507470703125,,,,
eval,60000,,,,,141.50184088287358,0.9499492187499999
train_episode,60150,141.57966819405556,0.950418701171875,,,,
train_episode,60300,141.61658948659897,0.9506681315104166,,,,
train_episode,60450,141.7491364479065,0.951573486328125,,,,
train_episode,60600,141.5268120765686,0.9501273600260417,,,,
train_episode,60750,141.4791437983513,0.949764404296875,,,,
train_episode,60900,141.71694070100784,0.9513749186197916,,,,
train_episode,61050,141.70324397087097,0.9512691243489584,,,,
train_episode,61200,141.42622444033623,0.949462890625,,,,
train_episode,61350,141.39106631278992,0.9492232259114584,,,,
train_episode,61500,141.31525164842606,0.94878173828125,,,,
train_episode,61650,141.31182408332825,0.9487345377604167,,,,
train_episode,61800,141.1676691174507,0.9477677408854167,,,,
train_episode,61950,141.63661685585976,0.9508463541666666,,,,
train_episode,62100,141.5662282705307,0.9504044596354166,,,,
train_episode,62250,141.47996553778648,0.9498417154947917,,,,
train_episode,62400,141.6901314854622,0.9511767578125,,,,
train_episode,62550,141.5644194483757,0.9503580729166666,,,,
train_episode,62700,142.42207676172256,0.9560201009114583,,,,
train_episode,62850,141.74040168523788,0.9514908854166667,,,,
train_episode,63000,142.11026069521904,0.95391845703125,,,,
train_episode,63150,141.69382765889168,0.951171875,,,,
train_episode,63300,142.12826117873192,0.9540555826822916,,,,
train_episode,63450,142.14085176587105,0.9540799967447917,,,,
train_episode,63600,142.24662733078003,0.9548079427083334,,,,
train_episode,63750,142.17967146635056,0.9543668619791666,,,,
train_episode,63900,141.97941797971725,0.9530411783854167,,,,
train_episode,64050,142.63185554742813,0.9573404947916667,,,,
train_episode,64200,142.38368067145348,0.9557010904947917,,,,
train_episode,64350,141.97569876909256,0.9530216471354167,,,,
train_episode,64500,141.97006583213806,0.9529715983072916,,,,
train_episode,64650,142.51946565508842,0.9566048177083334,,,,
train_episode,64800,142.3559948503971,0.9555546061197917,,,,
train_episode,64950,142.4593290090561,0.9562239583333333,,,,
eval,65000,,,,,142.2292860244751,0.9546796875
train_episode,65100,142.14227971434593,0.954132080078125,,,,
train_episode,65250,142.48181051015854,0.9563557942708333,,,,
train_episode,65400,142.4275112748146,0.9560103352864583,,,,
train_episode,65550,142.42283028364182,0.955982666015625,,,,
train_episode,65700,142.37710320949554,0.95568603515625,,,,
train_episode,65850,141.93411886692047,0.9528885904947917,,,,
train_episode,66000,142.4342418909073,0.9560807291666666,,,,
train_episode,66150,142.0067938566208,0.9533048502604167,,,,
train_episode,66300,142.3389838039875,0.955482177734375,,,,
train_episode,66450,142.24193620681763,0.9547900390625,,,,
train_episode,66600,142.48749232292175,0.9563818359375,,,,
train_episode,66750,142.70513266324997,0.9577937825520834,,,,
train_episode,66900,142.3976032435894,0.9557958984375,,,,
train_episode,67050,142.27081912755966,0.95497802734375,,,,
train_episode,67200,142.29872447252274,0.9550874837239584,,,,
train_episode,67350,142.4817265868187,0.956307373046875,,,,
train_episode,67500,142.6423133611679,0.957386474609375,,,,
train_episode,67650,142.38106554746628,0.955670166015625,,,,
train_episode,67800,143.00867760181427,0.9598111979166667,,,,
train_episode,67950,142.85476046800613,0.9587626139322917,,,,
train_episode,68100,142.57457944750786,0.9569498697916666,,,,
train_episode,68250,142.51420921087265,0.9565193684895833,,,,
train_episode,68400,142.4578496515751,0.9561844889322917,,,,
train_episode,68550,142.467291533947,0.9562797037760417,,,,
train_episode,68700,142.51329019665718,0.9565047200520833,,,,
train_episode,68850,142.47099965810776,0.9562748209635417,,,,
train_episode,69000,142.7480812370777,0.9581050618489584,,,,
train_episode,69150,142.98646140098572,0.9597111002604166,,,,
train_episode,69300,142.49249556660652,0.9564021809895833,,,,
train_episode,69450,142.25442904233932,0.954825439453125,,,,
train_episode,69600,142.41710513830185,0.955908203125,,,,
train_episode,69750,142.8777303993702,0.958975830078125,,,,
train_episode,69900,142.56256586313248,0.95692626953125,,,,
eval,70000,,,,,142.22213970336912,0.9546380208333332
train_episode,70050,142.7212647497654,0.9579353841145833,,,,
train_episode,70200,142.61275786161423,0.9572176106770833,,,,
train_episode,70350,142.5769402384758,0.9569783528645833,,,,
train_episode,70500,142.6483598947525,0.9574300130208333,,,,
train_episode,70650,142.56993579864502,0.956925048828125,,,,
train_episode,70800,142.86434757709503,0.9588749186197917,,,,
train_episode,70950,143.01202315092087,0.9598583984375,,,,
train_episode,71100,142.88117697834969,0.9589742024739584,,,,
train_episode,71250,142.70967531204224,0.95788330078125,,,,
train_episode,71400,142.38619396090508,0.9557161458333333,,,,
train_episode,71550,142.31818741559982,0.9553145345052083,,,,
train_episode,71700,142.63392463326454,0.957412109375,,,,
train_episode,71850,142.2058396935463,0.954573974609375,,,,
train_episode,72000,142.6503777205944,0.957501220703125,,,,
train_episode,72150,142.56739085912704,0.9569217936197917,,,,
train_episode,72300,142.56500107049942,0.956871337890625,,,,
train_episode,72450,142.82097414135933,0.95856689453125,,,,
train_episode,72600,142.44202521443367,0.9560355631510417,,,,
train_episode,72750,142.58963364362717,0.9569974772135417,,,,
train_episode,72900,142.8376225233078,0.9586543782552084,,,,
train_episode,73050,143.08070516586304,0.960263671875,,,,
train_episode,73200,143.09719669818878,0.9603902180989583,,,,
train_episode,73350,142.83501455187798,0.9586336263020834,,,,
train_episode,73500,142.84101483225822,0.9586800130208334,,,,
train_episode,73650,143.41862171888351,0.9624906412760417,,,,
train_episode,73800,142.80690348148346,0.9584065755208333,,,,
train_episode,73950,142.77686348557472,0.9582511393229166,,,,
train_episode,74100,142.75784841179848,0.9581595865885416,,,,
train_episode,74250,143.0319876074791,0.9599267578125,,,,
train_episode,74400,142.90457594394684,0.9590999348958333,,,,
train_episode,74550,142.96816012263298,0.9595524088541667,,,,
train_episode,74700,143.0149410367012,0.9598177083333334,,,,
train_episode,74850,142.91863292455673,0.9592431640625,,,,
train_episode,75000,142.9965512752533,0.9597334798177083,,,,
eval,75000,,,,,142.9183744522095,0.9592096354166667
train_episode,75150,143.236859947443,0.9613167317708333,,,,
train_episode,75300,142.82608306407928,0.9586641438802084,,,,
train_episode,75450,142.50381594896317,0.9565177408854166,,,,
train_episode,75600,142.18715542554855,0.9544091796875,,,,
train_episode,75750,142.45705288648605,0.9561942545572917,,,,
train_episode,75900,142.86433792114258,0.9588492838541667,,,,
train_episode,76050,143.1121780872345,0.9604557291666667,,,,
train_episode,76200,143.07948091626167,0.9601806640625,,,,
train_episode,76350,142.75195002555847,0.958070068359375,,,,
train_episode,76500,143.2931704223156,0.961644287109375,,,,
train_episode,76650,143.2173711359501,0.961146240234375,,,,
train_episode,76800,143.08998227119446,0.960245361328125,,,,
train_episode,76950,143.05837154388428,0.96006103515625,,,,
train_episode,77100,143.11039227247238,0.9603857421875,,,,
train_episode,77250,143.13938146829605,0.9605769856770834,,,,
train_episode,77400,143.30177414417267,0.9616650390625,,,,
train_episode,77550,143.49886536598206,0.9629459635416666,,,,
train_episode,77700,143.25128430128098,0.9612939453125,,,,
train_episode,77850,143.60792016983032,0.9637235514322917,,,,
train_episode,78000,143.74980145692825,0.9646769205729167,,,,
train_episode,78150,143.1591726243496,0.9607421875,,,,
train_episode,78300,143.27358382940292,0.961529541015625,,,,
train_episode,78450,143.45599123835564,0.962747802734375,,,,
train_episode,78600,143.17890805006027,0.960849609375,,,,
train_episode,78750,143.34251248836517,0.9620182291666667,,,,
train_episode,78900,143.22993543744087,0.961214599609375,,,,
train_episode,79050,143.38253438472748,0.96224853515625,,,,
train_episode,79200,143.39003530144691,0.9622981770833333,,,,
train_episode,79350,143.41719716787338,0.9624556477864583,,,,
train_episode,79500,143.58930537104607,0.96355712890625,,,,
train_episode,79650,143.76623803377151,0.9647770182291666,,,,
train_episode,79800,144.05527120828629,0.9666658528645833,,,,
train_episode,79950,143.365659147501,0.9620353190104166,,,,
eval,80000,,,,,143.864731539917,0.9653658854166667
train_episode,80100,143.76812356710434,0.964766845703125,,,,
train_episode,80250,143.412496894598,0.96236083984375,,,,
train_episode,80400,143.54390197992325,0.9633235677083334,,,,
train_episode,80550,143.28147274255753,0.9615275065104166,,,,
train_episode,80700,143.65108841657639,0.9639774576822917,,,,
train_episode,80850,143.33961695432663,0.96189208984375,,,,
train_episode,81000,143.38666751980782,0.9622342936197916,,,,
train_episode,81150,143.346175968647,0.96194091796875,,,,
train_episode,81300,143.3962586224079,0.962293701171875,,,,
train_episode,81450,143.1599721312523,0.9607364908854167,,,,
train_episode,81600,143.4190216064453,0.9624332682291666,,,,
train_episode,81750,143.53445121645927,0.9632076009114583,,,,
train_episode,81900,143.25181537866592,0.9613374837239583,,,,
train_episode,82050,143.30923533439636,0.9616988118489583,,,,
train_episode,82200,143.04126098752022,0.9599226888020833,,,,
train_episode,82350,143.42770472168922,0.9625040690104166,,,,
train_episode,82500,143.40389880537987,0.9623343912760417,,,,
train_episode,82650,143.39325231313705,0.9622932942708333,,,,
train_episode,82800,142.94777491688728,0.9593522135416667,,,,
train_episode,82950,143.6829304099083,0.9642415364583333,,,,
train_episode,83100,143.078553378582,0.9602351888020834,,,,
train_episode,83250,143.45454317331314,0.9627099609375,,,,
train_episode,83400,143.27999937534332,0.96154296875,,,,
train_episode,83550,143.57295781373978,0.9635062662760416,,,,
train_episode,83700,143.25958079099655,0.961416015625,,,,
train_episode,83850,143.55103197693825,0.9633369954427083,,,,
train_episode,84000,143.4654200077057,0.9628125,,,,
train_episode,84150,143.5802491903305,0.96356689453125,,,,
train_episode,84300,143.30221050977707,0.9617451985677083,,,,
train_episode,84450,143.1196472644806,0.9605082194010417,,,,
train_episode,84600,143.32938161492348,0.961907958984375,,,,
train_episode,84750,143.54219591617584,0.9632902018229167,,,,
train_episode,84900,143.52203291654587,0.9631815592447917,,,,
eval,85000,,,,,142.99296370544434,0.959734375
train_episode,85050,143.4751217365265,0.9629366048177084,,,,
train_episode,85200,143.48594623804092,0.962955322265625,,,,
train_episode,85350,143.17613565921783,0.960914306640625,,,,
train_episode,85500,143.74972236156464,0.964713134765625,,,,
train_episode,85650,143.30456656217575,0.961787109375,,,,
train_episode,85800,143.51472264528275,0.963155517578125,,,,
train_episode,85950,143.47829282283783,0.9629313151041666,,,,
train_episode,86100,143.2289988398552,0.96132568359375,,,,
train_episode,86250,143.2331085205078,0.9613094075520834,,,,
train_episode,86400,143.0752587914467,0.9602884928385417,,,,
train_episode,86550,143.1103330552578,0.9605680338541667,,,,
train_episode,86700,143.12817591428757,0.9606787109375,,,,
train_episode,86850,142.98240169882774,0.959696044921875,,,,
train_episode,87000,143.27464699745178,0.9616316731770833,,,,
train_episode,87150,143.00880882143974,0.9599141438802083,,,,
train_episode,87300,143.3179497718811,0.961851806640625,,,,
train_episode,87450,143.3504036962986,0.96209228515625,,,,
train_episode,87600,143.44812861084938,0.962744140625,,,,
train_episode,87750,143.40713995695114,0.9624556477864583,,,,
train_episode,87900,143.3446180820465,0.9620597330729167,,,,
train_episode,88050,143.41260075569153,0.9624910481770833,,,,
train_episode,88200,143.58082962036133,0.9636763509114583,,,,
train_episode,88350,143.3612561225891,0.9621976725260417,,,,
train_episode,88500,143.60046735405922,0.9637552897135416,,,,
train_episode,88650,143.455182492733,0.962830810546875,,,,
train_episode,88800,143.30119425058365,0.961771240234375,,,,
train_episode,88950,143.4079930782318,0.9624625651041666,,,,
train_episode,89100,143.35937196016312,0.9621504720052083,,,,
train_episode,89250,143.51899230480194,0.9632303873697917,,,,
train_episode,89400,143.47197064757347,0.962882080078125,,,,
train_episode,89550,143.4659663438797,0.9628605143229166,,,,
train_episode,89700,143.6350282728672,0.9639961751302083,,,,
train_episode,89850,143.52030566334724,0.9632234700520833,,,,
train_episode,90000,143.47482687234879,0.9629427083333333,,,,
eval,90000,,,,,143.98365377349856,0.9663072916666667
train_episode,90150,143.64546287059784,0.9640625,,,,
train_episode,90300,143.6570560336113,0.9641166178385416,,,,
train_episode,90450,143.71775668859482,0.9645332845052084,,,,
train_episode,90600,143.69414287805557,0.964427490234375,,,,
train_episode,90750,143.71107250452042,0.964505615234375,,,,
train_episode,90900,143.69575253129005,0.9644189453125,,,,
train_episode,91050,143.59240233898163,0.963721923828125,,,,
train_episode,91200,143.64902159571648,0.9641585286458333,,,,
train_episode,91350,143.23819398880005,0.9614790852864583,,,,
train_episode,91500,143.23909586668015,0.9615010579427083,,,,
train_episode,91650,143.31163430213928,0.9620284016927083,,,,
train_episode,91800,142.8727472126484,0.9590962727864584,,,,
train_episode,91950,143.29873192310333,0.9619181315104167,,,,
train_episode,92100,143.38297244906425,0.9623604329427083,,,,
train_episode,92250,143.70905303955078,0.9645170084635417,,,,
train_episode,92400,144.08275067806244,0.9669868977864583,,,,
train_episode,92550,143.93723613023758,0.9659676106770834,,,,
train_episode,92700,144.01116028428078,0.9664607747395834,,,,
train_episode,92850,144.1438845396042,0.9673409016927084,,,,
train_episode,93000,143.723081022501,0.9645511881510417,,,,
train_episode,93150,144.2955625653267,0.9683589680989584,,,,
train_episode,93300,144.1235111951828,0.9672383626302083,,,,
train_episode,93450,143.904221534729,0.9657808430989583,,,,
train_episode,93600,143.8609697818756,0.9654801432291666,,,,
train_episode,93750,143.91691941022873,0.9658345540364583,,,,
train_episode,93900,143.895623087883,0.965699462890625,,,,
train_episode,94050,144.27338308095932,0.968203125,,,,
train_episode,94200,144.07555183768272,0.9669181315104166,,,,
train_episode,94350,144.0417203605175,0.9666524251302083,,,,
train_episode,94500,144.16985431313515,0.9674772135416667,,,,
train_episode,94650,144.01922130584717,0.96649169921875,,,,
train_episode,94800,144.30371445417404,0.968360595703125,,,,
train_episode,94950,144.15432277321815,0.9673876953125,,,,
eval,95000,,,,,144.5291125427246,0.96990625
train_episode,95100,144.29659900069237,0.968349609375,,,,
train_episode,95250,144.1735103726387,0.9675382486979167,,,,
train_episode,95400,144.35398137569427,0.9687353515625,,,,
train_episode,95550,144.00074848532677,0.9663834635416667,,,,
train_episode,95700,144.11755138635635,0.9671915690104167,,,,
train_episode,95850,144.49418723583221,0.9696647135416666,,,,
train_episode,96000,144.51541823148727,0.9698213704427083,,,,
train_episode,96150,144.20733749866486,0.9677718098958333,,,,
train_episode,96300,144.0795403420925,0.9669148763020833,,,,
train_episode,96450,144.2220348417759,0.967835693359375,,,,
train_episode,96600,144.13500598073006,0.96730712890625,,,,
train_episode,96750,144.29436573386192,0.96833251953125,,,,
train_episode,96900,144.00012323260307,0.9663566080729167,,,,
train_episode,97050,144.16476261615753,0.96750244140625,,,,
train_episode,97200,144.3129534125328,0.968480224609375,,,,
train_episode,97350,144.0895966887474,0.9669978841145833,,,,
train_episode,97500,144.1799013018608,0.967589111328125,,,,
train_episode,97650,144.03386414051056,0.9666361490885417,,,,
train_episode,97800,143.92013734579086,0.9658931477864583,,,,
train_episode,97950,143.97368866205215,0.966275634765625,,,,
train_episode,98100,143.94504496455193,0.9661018880208333,,,,
train_episode,98250,143.75952231884003,0.9648836263020834,,,,
train_episode,98400,143.917651116848,0.9658931477864583,,,,
train_episode,98550,144.04577830433846,0.9667667643229166,,,,
train_episode,98700,143.6018888950348,0.9637959798177084,,,,
train_episode,98850,144.03580379486084,0.966700439453125,,,,
train_episode,99000,144.42987394332886,0.969256591796875,,,,
train_episode,99150,144.07236567139626,0.96690185546875,,,,
train_episode,99300,144.1061441898346,0.9670768229166666,,,,
train_episode,99450,144.40514236688614,0.9690360514322917,,,,
train_episode,99600,144.4210149347782,0.9691682942708333,,,,
train_episode,99750,144.27878335118294,0.9682633463541667,,,,
train_episode,99900,144.46651887893677,0.9694563802083334,,,,
eval,100000,,,,,144.35161658782962,0.9686627604166667
train_episode,100050,144.2462340593338,0.9680045572916667,,,,
train_episode,100200,144.13758444786072,0.967333984375,,,,
train_episode,100350,143.8357412815094,0.9652909342447916,,,,
train_episode,100500,143.77691739797592,0.9649178059895833,,,,
train_episode,100650,144.17818361520767,0.9676123046875,,,,
train_episode,100800,144.4813752770424,0.9696085611979167,,,,
train_episode,100950,144.1995089650154,0.9677140299479167,,,,
train_episode,101100,144.53685319423676,0.969947509765625,,,,
train_episode,101250,144.52887493371964,0.9698734537760416,,,,
train_episode,101400,144.4098917245865,0.96905517578125,,,,
train_episode,101550,144.32183772325516,0.968515625,,,,
train_episode,101700,144.365336894989,0.9688175455729167,,,,
train_episode,101850,144.13057297468185,0.967320556640625,,,,
train_episode,102000,144.03000181913376,0.966644287109375,,,,
train_episode,102150,143.95560297369957,0.9661295572916667,,,,
train_episode,102300,144.2570459842682,0.968116455078125,,,,
train_episode,102450,144.37563225626945,0.968912353515625,,,,
train_episode,102600,144.28950482606888,0.96830322265625,,,,
train_episode,102750,144.2779248058796,0.9681827799479167,,,,
train_episode,102900,144.37720477581024,0.9688631184895833,,,,
train_episode,103050,144.05721846222878,0.9667850748697917,,,,
train_episode,103200,144.26970037817955,0.9681929524739583,,,,
train_episode,103350,144.01717627048492,0.966529541015625,,,,
train_episode,103500,144.19287860393524,0.9677266438802083,,,,
train_episode,103650,143.87427952885628,0.965654296875,,,,
train_episode,103800,143.89831244945526,0.965849609375,,,,
train_episode,103950,144.12693297863007,0.9672855631510416,,,,
train_episode,104100,144.09390357136726,0.9670515950520834,,,,
train_episode,104250,144.28079342842102,0.96830078125,,,,
train_episode,104400,144.0318881869316,0.9666422526041667,,,,
train_episode,104550,144.30538833141327,0.9684379069010417,,,,
train_episode,104700,144.15479189157486,0.9674296061197917,,,,
train_episode,104850,144.27272176742554,0.9682328287760417,,,,
train_episode,105000,144.5909073650837,0.9703511555989583,,,,
eval,105000,,,,,143.81675759277346,0.9652174479166667
train_episode,105150,144.345819324255,0.9686869303385417,,,,
train_episode,105300,144.18794643878937,0.967664794921875,,,,
train_episode,105450,144.32830572128296,0.9686100260416667,,,,
train_episode,105600,144.4671874642372,0.969530029296875,,,,
train_episode,105750,144.12930923700333,0.9672342936197916,,,,
train_episode,105900,144.3929785490036,0.969013671875,,,,
train_episode,106050,143.99745574593544,0.9664481608072917,,,,
train_episode,106200,144.2732555270195,0.9682804361979167,,,,
train_episode,106350,144.00466173887253,0.966483154296875,,,,
train_episode,106500,144.12335294485092,0.9673030598958333,,,,
train_episode,106650,143.93385255336761,0.9660697428385416,,,,
train_episode,106800,144.06825944781303,0.9669059244791667,,,,
train_episode,106950,144.24361526966095,0.9681070963541667,,,,
train_episode,107100,144.05749654769897,0.9668355305989583,,,,
train_episode,107250,143.98084610700607,0.9663065592447917,,,,
train_episode,107400,144.02889531850815,0.966656494140625,,,,
train_episode,107550,143.99893310666084,0.9664762369791666,,,,
train_episode,107700,144.09607714414597,0.967103271484375,,,,
train_episode,107850,143.97567501664162,0.9663175455729167,,,,
train_episode,108000,144.0593505501747,0.9668819173177083,,,,
train_episode,108150,143.51947915554047,0.9634033203125,,,,
train_episode,108300,143.65427404642105,0.9642484537760416,,,,
train_episode,108450,144.0280639231205,0.9666752115885416,,,,
train_episode,108600,143.89516285061836,0.9657999674479166,,,,
train_episode,108750,143.9910967051983,0.9664261881510416,,,,
train_episode,108900,144.15200254321098,0.9674312337239583,,,,
train_episode,109050,144.43893045186996,0.96933837890625,,,,
train_episode,109200,144.33487862348557,0.9686275227864584,,,,
train_episode,109350,144.5357169508934,0.9699910481770834,,,,
train_episode,109500,144.15787065029144,0.9674678548177084,,,,
train_episode,109650,144.514375269413,0.96989501953125,,,,
train_episode,109800,144.2886220216751,0.9684138997395834,,,,
train_episode,109950,144.04463589191437,0.9668119303385416,,,,
eval,110000,,,,,144.24968815307614,0.9681158854166666
train_episode,110100,144.21754178404808,0.9679414876302084,,,,
train_episode,110250,144.2359591126442,0.9680037434895833,,,,
train_episode,110400,144.17823573946953,0.96760009765625,,,,
train_episode,110550,144.23223823308945,0.96794677734375,,,,
train_episode,110700,144.21985933184624,0.9679305013020834,,,,
train_episode,110850,144.35900714993477,0.9688444010416667,,,,
train_episode,111000,144.0483626127243,0.966844482421875,,,,
train_episode,111150,143.6414222419262,0.9640987141927083,,,,
train_episode,111300,143.87737879157066,0.9657108561197917,,,,
train_episode,111450,143.8491088449955,0.9654593912760416,,,,
train_episode,111600,144.44714805483818,0.9693778483072917,,,,
train_episode,111750,144.26744723320007,0.9682206217447916,,,,
train_episode,111900,144.3755646944046,0.9689013671875,,,,
train_episode,112050,144.19925865530968,0.9677559407552083,,,,
train_episode,112200,143.99101555347443,0.9664432779947917,,,,
train_episode,112350,144.06715315580368,0.96697509765625,,,,
train_episode,112500,143.7968049943447,0.9651521809895833,,,,
train_episode,112650,143.979374229908,0.9663505045572917,,,,
train_episode,112800,143.93155151605606,0.9660225423177083,,,,
train_episode,112950,144.0467111468315,0.9668046061197917,,,,
train_episode,113100,144.25798413157463,0.9681941731770833,,,,
train_episode,113250,144.39475470781326,0.9690665690104167,,,,
train_episode,113400,144.48764762282372,0.9696394856770834,,,,
train_episode,113550,144.32811185717583,0.9686104329427083,,,,
train_episode,113700,144.05131351947784,0.966759033203125,,,,
train_episode,113850,144.41902497410774,0.9692610677083333,,,,
train_episode,114000,144.4812923669815,0.9696504720052084,,,,
train_episode,114150,143.99306803941727,0.96642578125,,,,
train_episode,114300,144.41439801454544,0.9691935221354167,,,,
train_episode,114450,144.27890753746033,0.9683056640625,,,,
train_episode,114600,144.38480737805367,0.9690372721354167,,,,
train_episode,114750,144.37199342250824,0.9689571126302083,,,,
train_episode,114900,144.2901166677475,0.968404541015625,,,,
eval,115000,,,,,144.2213081512451,0.9679414062499999
train_episode,115050,144.5394980609417,0.9700496419270833,,,,
train_episode,115200,144.30556499958038,0.9685506184895833,,,,
train_episode,115350,144.38778868317604,0.9691341145833333,,,,
train_episode,115500,144.26901963353157,0.96835693359375,,,,
train_episode,115650,144.305663138628,0.9686279296875,,,,
train_episode,115800,144.24260133504868,0.9682132975260417,,,,
train_episode,115950,144.18692827224731,0.967906494140625,,,,
train_episode,116100,144.0018773972988,0.966536865234375,,,,
train_episode,116250,144.29761171340942,0.9685225423177083,,,,
train_episode,116400,144.36424148082733,0.96895263671875,,,,
train_episode,116550,144.4794615805149,0.96970947265625,,,,
train_episode,116700,144.1479323208332,0.967476806640625,,,,
train_episode,116850,144.06865298748016,0.96695556640625,,,,
train_episode,117000,144.17727109789848,0.967642822265625,,,,
train_episode,117150,144.23373991250992,0.968043212890625,,,,
train_episode,117300,144.54785558581352,0.97017333984375,,,,
train_episode,117450,144.4243711233139,0.9692724609375,,,,
train_episode,117600,144.34629237651825,0.9687740071614583,,,,
train_episode,117750,144.30822432041168,0.9685469563802084,,,,
train_episode,117900,144.23062953352928,0.968067626953125,,,,
train_episode,118050,144.53205543756485,0.9700362141927084,,,,
train_episode,118200,144.39098104834557,0.9691316731770834,,,,
train_episode,118350,144.22804859280586,0.9681058756510417,,,,
train_episode,118500,144.21244305372238,0.9679256184895834,,,,
train_episode,118650,144.08283612132072,0.9670955403645833,,,,
train_episode,118800,144.1716182231903,0.9676737467447917,,,,
train_episode,118950,144.25507140159607,0.9682548014322917,,,,
train_episode,119100,144.30665811896324,0.9685896809895833,,,,
train_episode,119250,144.22941493988037,0.9680826822916667,,,,
train_episode,119400,144.13600662350655,0.96738037109375,,,,
train_episode,119550,144.364766061306,0.96889892578125,,,,
train_episode,119700,144.34074392914772,0.96874267578125,,,,
train_episode,119850,144.4075658917427,0.96919921875,,,,
train_episode,120000,143.8649829030037,0.9656986490885416,,,,
eval,120000,,,,,143.57988579559327,0.9639492187500001
